acc,precision,recall,f1,auc
0.8475809888133135,0.8158966808867918,0.8977307843692159,0.8548597430274195,0.8978878815522733
