acc,precision,recall,f1,auc
0.8476045722613111,0.8155705934727302,0.8983602184640507,0.8549658730938813,0.8978930652465474
