acc,precision,recall,f1,auc
0.8475874945920714,0.8154409767732946,0.8985423802692741,0.8549771189181744,0.8978774043444908
